age,income,target,age_income_ratio
25.0,50000.0,1,0.0005
30.0,60000.0,0,0.0005
36.142857142857146,55000.0,1,0.0006571428571428572
45.0,57500.0,0,0.000782608695652174
35.0,70000.0,1,0.0005
28.0,48000.0,0,0.0005833333333333334
50.0,57500.0,0,0.0008695652173913044
